<?xml version="1.0" encoding="UTF-8"?>
		<beans xmlns="http://www.springframework.org/schema/beans"
			   xmlns:xsi="http://www.w3.org/2001/XMLSchema-instance"
			   xmlns:context="http://www.springframework.org/schema/context"
			   xsi:schemaLocation="http://www.springframework.org/schema/beans https://www.springframework.org/schema/beans/spring-beans.xsd
									http://www.springframework.org/schema/context https://www.springframework.org/schema/context/spring-context.xsd">
	
	<!-- Root Context: defines shared resources visible to all other web components -->
	<context:property-placeholder location="classpath:properties/jdbc.properties" />
		
		<bean id="dataSource" class="org.apache.ibatis.datasource.pooled.PooledDataSource">
			<property name="driver"   value="${jdbc.driverClassName}" />
			<property name="url"      value="${jdbc.url}" />
			<property name="username" value="${jdbc.username}" />
			<property name="password" value="${jdbc.password}" />
		</bean>
		
		<bean id="sqlSessionFactory" class="org.mybatis.spring.SqlSessionFactoryBean" >
		  <property name="dataSource"      ref="dataSource" />
		  <property name="configLocation"  value="classpath:mybatis-config.xml"  />
		  <property name="mapperLocations" value="classpath:mappers/*.xml" />
		</bean >
		
		<bean id="sqlSession" class="org.mybatis.spring.SqlSessionTemplate" destroy-method="clearCache"> 
			<constructor-arg name="sqlSessionFactory" ref="sqlSessionFactory" /> 
		</bean>
		
</beans>
