<?xml version="1.0" encoding="UTF-8"?>
<!DOCTYPE tiles-definitions PUBLIC "-//Apache Software Foundation//DTD Tiles Configuration 3.0//EN"  "http://tiles.apache.org/dtds/tiles-config_3_0.dtd">

 <tiles-definitions>
 
 	<definition name="memberMainLayout" template="/WEB-INF/views/common/layout.jsp">
 		<put-attribute name="header" value="/WEB-INF/views/common/header.jsp" />
 		<put-attribute name="footer" value="/WEB-INF/views/common/footer.jsp" />
 	</definition>
 	
 	<definition name="main/main" extends="memberMainLayout">
 		<put-attribute name="content" value="/WEB-INF/views/member/main.jsp" />
 		<put-attribute name="title" value="Game Management System 1.0" />
 	</definition>
 	
 	<definition name="members/join" extends="memberMainLayout">
 		<put-attribute name="content" value="/WEB-INF/views/member/join.jsp" />
 		<put-attribute name="title" value="Game Management System 1.0" />
 	</definition>
 	
 	<definition name="members/joinSuccess" extends="memberMainLayout">
 		<put-attribute name="content" value="/WEB-INF/views/member/joinSuccess.jsp" />
 		<put-attribute name="title" value="Game Management System 1.0 Join" />
 	</definition>
 	
 	<definition name="members/login" extends="memberMainLayout">
 		<put-attribute name="content" value="/WEB-INF/views/member/login.jsp" />
 		<put-attribute name="title" value="Game Management System 1.0 Join" />
 	</definition>
 	
 	<definition name="members/memberInfo" extends="memberMainLayout">
 		<put-attribute name="content" value="/WEB-INF/views/member/memberInfo.jsp" />
 		<put-attribute name="title" value="Game Management System 1.0 Join" />
 	</definition>
 	
 	<definition name="members/update" extends="memberMainLayout">
 		<put-attribute name="content" value="/WEB-INF/views/member/update.jsp" />
 		<put-attribute name="title" value="Game Management System 1.0 Join" />
 	</definition>
 	
  	<definition name="members/pwdCheck" extends="memberMainLayout">
 		<put-attribute name="content" value="/WEB-INF/views/member/passwordCheck.jsp" />
 		<put-attribute name="title" value="Game Management System 1.0 Join" />
 	</definition>
 	
 	<definition name="members/delete" extends="memberMainLayout">
 		<put-attribute name="content" value="/WEB-INF/views/member/delete.jsp" />
 		<put-attribute name="title" value="Game Management System 1.0 Join" />
 	</definition>
 	
 </tiles-definitions>