<?xml version="1.0" encoding="UTF-8"?>
<!DOCTYPE tiles-definitions PUBLIC "-//Apache Software Foundation//DTD Tiles Configuration 3.0//EN"  "http://tiles.apache.org/dtds/tiles-config_3_0.dtd">

 <tiles-definitions>
 
 	<definition name="noticeLayout" template="/WEB-INF/views/common/layout.jsp">
 		<put-attribute name="header" value="/WEB-INF/views/common/header.jsp" />
 		<put-attribute name="footer" value="/WEB-INF/views/common/footer.jsp" />
 	</definition>
 	
 	<definition name="notice/noticeList" extends="noticeLayout">
 		<put-attribute name="content" value="/WEB-INF/views/notice/noticeList.jsp" />
 		<put-attribute name="title" value="Game Management System 1.0" />
 	</definition>
 	
 	
 </tiles-definitions>